Category,Content
Company Profile,"CoreTech Innovation is a technology company that provides digital solutions for businesses, startups, educational institutions, and service providers."
Company Profile,"CoreTech helps clients improve their business operations through websites, mobile apps, automation, artificial intelligence, and custom software."
Company Profile,"CoreTech focuses on understanding client requirements before suggesting a suitable technology solution."
Services,"CoreTech develops modern responsive business websites with contact forms, service pages, and professional layouts."
Services,"CoreTech creates e-commerce websites with product catalogs, shopping carts, online payments, and order management."
Services,"CoreTech develops Android, iOS, and cross-platform mobile applications for businesses."
Services,"CoreTech builds custom software such as inventory systems, billing systems, employee management systems, and business dashboards."
Services,"CoreTech provides UI and UX design services including wireframes, prototypes, dashboard design, and mobile app screen design."
Services,"CoreTech provides SEO services to improve website visibility, search engine ranking, keywords, and organic traffic."
Services,"CoreTech provides digital marketing services including social media campaigns, online advertisements, content marketing, and brand awareness."
Services,"CoreTech develops AI chatbots for customer support, FAQs, lead collection, and automated client communication."
Services,"CoreTech provides business automation solutions to reduce repetitive manual tasks and improve workflow efficiency."
Project Process,"The project process begins with a consultation to understand the client's goals, required features, target audience, budget, and timeline."
Project Process,"After requirement analysis, CoreTech prepares a project plan, suggested solution, estimated timeline, and quotation."
Project Process,"During development, the CoreTech team shares progress updates and collects client feedback."
Project Process,"After project completion, CoreTech can provide maintenance, technical support, updates, and further improvements."
Pricing,"Project cost depends on the required features, design complexity, integrations, timeline, and type of service."
Pricing,"A simple business website usually requires less budget than a custom software system or advanced mobile application."
Pricing,"CoreTech provides a quotation after reviewing the complete project requirements."
Pricing,"Clients can request a consultation to discuss budget options and suitable service packages."
FAQs,"CoreTech can develop a website for a startup, company, shop, school, clinic, restaurant, or personal portfolio."
FAQs,"CoreTech can create online stores and e-commerce websites with secure payment integration."
FAQs,"CoreTech can build mobile apps for Android and iPhone users."
FAQs,"CoreTech can redesign an old website and improve its design, speed, usability, and responsiveness."
FAQs,"CoreTech can help businesses improve Google ranking through SEO and keyword optimization."
FAQs,"CoreTech can create custom software for inventory, billing, employee management, school management, and customer records."
FAQs,"CoreTech can build an AI chatbot to answer customer questions and collect client inquiries."
Contact,"Clients can contact CoreTech Innovation through email, phone, website contact form, or social media platforms."
Contact,"For a project quotation, clients should share their required service, business type, expected features, budget, and timeline."
Contact,"CoreTech responds to new project inquiries after reviewing the client requirements."